Pear and chocolate tart,Recipe - Dessert - Easy - Cheap - Vegetarian
Pear and almond tart,Recipe - Dessert - Easy - Cheap - Vegetarian
Chocolate and Pear Frangipane Tart,Recipe - Dessert - Easy - Cheap - Vegetarian
Chocolate and pear cake,Recipe - Dessert - Easy - Cheap - Vegetarian
Chocolate and pear Tiramisu,Recipe - Dessert - Easy - Cheap - Vegetarian
Chocolate and pear charlotte,Recipe - Dessert - Easy - Cheap - Vegetarian
Chocolate and pear Frangipane tart,Recipe - Dessert - Easy - Cheap - Vegetarian
Chocolate and pear cake,Recipe - Dessert - Easy - Cheap - Vegetarian
Pear and almond tart,Recipe - Dessert - Easy - Cheap - Vegetarian
Pear and chocolate charlotte,Recipe - Dessert - Easy - Moderate - Vegetarian
Apple Roses,Recipe - Dessert - Easy - Cheap - Vegetarian
Apple doughnuts,Recipe - Dessert - Easy - Cheap - Vegetarian
Baked apple,Recipe - Dessert - Very easy - Cheap - Vegetarian
Apple crumble,Recipe - Dessert - Easy - Cheap - Vegetarian
Apple chips,Recipe - Appetizers - Very easy - Cheap - Vegetarian
Apple pie,Recipe - Dessert - Easy - Cheap - Vegetarian
Apple pie,Recipe - Dessert - Easy - Cheap - Vegetarian
Apple cake,Recipe - Dessert - Easy - Moderate - Vegetarian
The apple crumble,Recipe - Dessert - Very easy - Cheap - Vegetarian
Apple muffins,Recipe - Dessert - Easy - Cheap - Vegetarian
